role,mean,std,l2_norm,max_abs,non_zero_ratio
analytical_thinker,-0.0026696687564253807,0.3293708562850952,106.1889877319336,23.875,0.9956992864608765
empathetic_counselor,-0.008838236331939697,0.6279290914535522,202.45770263671875,22.75,0.9976909160614014
creative_professional,0.008717180229723454,0.5553274750709534,179.05369567871094,57.75,0.997219443321228
