,analytical_thinker,empathetic_counselor,creative_professional
analytical_thinker,1.0000008344650269,-0.1336735188961029,-0.04448483884334564
empathetic_counselor,-0.1336735188961029,1.0000009536743164,0.15374860167503357
creative_professional,-0.04448483884334564,0.15374860167503357,1.0000004768371582
